TimeStamp,Open,High,Low,Close,Volume
2025-02-10 13:25:00,23326.95,23356.05,23326.95,23351.95,1716525
2025-02-10 13:30:00,23351.65,23351.8,23317.25,23320.6,1936004
2025-02-10 13:35:00,23320.8,23338.7,23320.7,23337.7,1819312
2025-02-10 13:40:00,23337.45,23349,23329.2,23346.45,1842092
2025-02-10 13:45:00,23345.35,23360.15,23342.2,23351.4,2229401
2025-02-10 13:50:00,23352.25,23377,23348.85,23366.45,2604934
2025-02-10 13:55:00,23366.25,23367,23350.45,23360,1728034
2025-02-10 14:00:00,23359.85,23361.9,23340.2,23343.9,2285655
2025-02-10 14:05:00,23343.1,23350.55,23335.85,23338.25,2165196
2025-02-10 14:10:00,23338,23343.65,23325.05,23326.6,2049396
2025-02-10 14:15:00,23326.7,23338.3,23325.4,23331.55,1812746
2025-02-10 14:20:00,23331.8,23334.2,23316.3,23329.5,2503740
2025-02-10 14:25:00,23329.05,23340.1,23325.45,23338.75,2496247
2025-02-10 14:30:00,23338.6,23358.35,23337.35,23352.2,2674755
2025-02-10 14:35:00,23352.55,23370.3,23352.25,23368.7,2529877
2025-02-10 14:40:00,23368,23392.2,23368,23370.25,3868526
2025-02-10 14:45:00,23370.95,23382.95,23360.1,23373.15,3426674
2025-02-10 14:50:00,23373.5,23391.4,23371.95,23390.25,2818960
2025-02-10 14:55:00,23389.3,23401,23382.6,23400.4,3014616
2025-02-10 15:00:00,23400.9,23409.9,23379.55,23388,6020509
2025-02-10 15:05:00,23388.25,23388.7,23371.6,23385.85,7132757
2025-02-10 15:10:00,23385.7,23393.7,23378.6,23380.35,6549464
2025-02-10 15:15:00,23380.8,23386.05,23370.85,23379.15,8632501
2025-02-10 15:20:00,23379.3,23382.35,23375.3,23381.55,7206357
2025-02-10 15:25:00,23381.05,23387.15,23372.1,23376.05,6022305
2025-02-11 09:15:00,23390.05,23390.05,23332.45,23348.2,14025890
2025-02-11 09:20:00,23347.9,23350.35,23312.25,23313.15,7711610
2025-02-11 09:25:00,23313.6,23319.75,23295.75,23313.8,6441736
2025-02-11 09:30:00,23314.2,23324.8,23298.9,23310.35,5387612
2025-02-11 09:35:00,23310.5,23346.7,23307.3,23334.2,5273522
2025-02-11 09:40:00,23333.05,23351.75,23325.2,23340.35,4157156
2025-02-11 09:45:00,23339.95,23343.35,23310.3,23310.35,3780907
2025-02-11 09:50:00,23310.45,23318.05,23292.85,23300.95,3472083
2025-02-11 09:55:00,23300.7,23307.75,23286.45,23304.85,3106043
2025-02-11 10:00:00,23304.1,23311.25,23287.4,23291.9,3051158
2025-02-11 10:05:00,23292,23301.25,23285.1,23288.15,3049487
2025-02-11 10:10:00,23287.6,23293.05,23270.7,23278.55,3342776
2025-02-11 10:15:00,23277.3,23282.95,23263.25,23266.15,3482935
2025-02-11 10:20:00,23264.9,23283,23261.25,23280.3,3445061
2025-02-11 10:25:00,23280.4,23296.15,23272.4,23287.05,2962404
2025-02-11 10:30:00,23289,23292,23268,23273.45,3048365
2025-02-11 10:35:00,23272.95,23280,23267.6,23274.25,3310034
2025-02-11 10:40:00,23274.35,23278.4,23258.6,23259.85,3336287
2025-02-11 10:45:00,23259.3,23262.9,23250.9,23262.85,3080944
2025-02-11 10:50:00,23262.95,23279.35,23259.75,23266.05,2297899
2025-02-11 10:55:00,23264.85,23273.5,23264.35,23272.45,2057912
2025-02-11 11:00:00,23271.8,23274.2,23260.8,23263.7,2415149
2025-02-11 11:05:00,23264.15,23285.9,23263.3,23280.75,2580852
2025-02-11 11:10:00,23280.5,23287.1,23278.8,23279.75,2650180
2025-02-11 11:15:00,23280.05,23294.75,23275.3,23288.75,2491631
2025-02-11 11:20:00,23288.4,23301.75,23281.45,23283.85,3395505
2025-02-11 11:25:00,23283.2,23287.95,23259.5,23259.55,2507219
2025-02-11 11:30:00,23259.8,23262.25,23248.45,23252.05,2478399
2025-02-11 11:35:00,23253.15,23268.65,23250.3,23264.05,2062805
2025-02-11 11:40:00,23264.4,23272.15,23258.6,23262.35,1999264
2025-02-11 11:45:00,23262.75,23265.45,23252.6,23258.9,1694536
2025-02-11 11:50:00,23258.65,23259.55,23253.45,23254.7,2444055
2025-02-11 11:55:00,23255.35,23256.5,23245.6,23248.95,2118111
2025-02-11 12:00:00,23249.15,23256.65,23247.45,23253.7,1789026
2025-02-11 12:05:00,23253.6,23255.95,23247.15,23247.2,1777754
2025-02-11 12:10:00,23247.05,23261.4,23243.9,23252.8,2187595
2025-02-11 12:15:00,23253.15,23253.15,23244.3,23246.55,2225708
2025-02-11 12:20:00,23246.25,23257.4,23238.25,23240.6,2571907
2025-02-11 12:25:00,23240.55,23248.1,23237.7,23245.95,2000427
2025-02-11 12:30:00,23246.2,23246.8,23239.05,23243.15,1813121
2025-02-11 12:35:00,23242.95,23244.1,23233.7,23234.8,2110880
2025-02-11 12:40:00,23234.85,23241.65,23233.6,23236.1,1683292
2025-02-11 12:45:00,23236.3,23239.4,23211.65,23211.75,2565877
2025-02-11 12:50:00,23212,23221.5,23209.3,23219.15,2395189
2025-02-11 12:55:00,23219.9,23223.7,23177.6,23184.9,4669227
2025-02-11 13:00:00,23184.7,23184.7,23126.65,23129.05,4150736
2025-02-11 13:05:00,23128.95,23135.25,23115.9,23124.85,3977531
2025-02-11 13:10:00,23125.15,23128.1,23026.35,23031.15,6003104
2025-02-11 13:15:00,23031.2,23101.4,23022.45,23088.1,4952009
2025-02-11 13:20:00,23089,23093.6,23061.35,23068.95,2868659
2025-02-11 13:25:00,23068.85,23075.4,23040.55,23042.7,2529629
2025-02-11 13:30:00,23043.1,23056,23023.55,23036.95,2923239
2025-02-11 13:35:00,23035.75,23070.85,23027.05,23070.85,2814275
2025-02-11 13:40:00,23072.6,23083.7,23048.1,23074.8,2380652
2025-02-11 13:45:00,23074.9,23081.6,23057.85,23066.2,1922362
2025-02-11 13:50:00,23065.1,23074.3,23050,23057.7,2313552
2025-02-11 13:55:00,23057.05,23063.75,23037.3,23043.85,2160583
2025-02-11 14:00:00,23043.5,23052.05,23000.3,23004.05,3381341
2025-02-11 14:05:00,23003.85,23009.7,22986.65,23001.75,3627507
2025-02-11 14:10:00,23001.95,23054,23001.55,23052.35,2724879
2025-02-11 14:15:00,23052.65,23053.1,23015.65,23022.75,2357037
2025-02-11 14:20:00,23022.65,23036.2,23006.4,23030.65,2850924
2025-02-11 14:25:00,23031.4,23054.95,23018.5,23018.5,3160892
2025-02-11 14:30:00,23018.3,23042.4,23012.95,23040.55,3456305
2025-02-11 14:35:00,23040.3,23044.65,23014.7,23025.35,4879889
2025-02-11 14:40:00,23025.25,23028.55,23009.6,23026.6,5045078
2025-02-11 14:45:00,23027.6,23054.65,23027.45,23050.2,5131312
2025-02-11 14:50:00,23049.2,23113.95,23049.05,23113,4083301
2025-02-11 14:55:00,23112.55,23118.4,23033.95,23055.35,5968546
2025-02-11 15:00:00,23055.75,23086.85,23053.65,23081.5,6985027
2025-02-11 15:05:00,23081.4,23084.9,23059.25,23078.95,7490818
2025-02-11 15:10:00,23079.45,23081.1,23066.85,23073.75,8366402
2025-02-11 15:15:00,23073.4,23080.8,23068.5,23076.3,10057532
2025-02-11 15:20:00,23076.6,23077.35,23060.4,23070.75,7826392
2025-02-11 15:25:00,23073.75,23074.65,23063.1,23068.55,7098047
2025-02-12 09:15:00,23069.8,23097.95,23018.95,23032.25,13791013
2025-02-12 09:20:00,23031.55,23047.65,22996.15,23000.3,9067957
2025-02-12 09:25:00,22999.85,23019.5,22978.4,22979.2,6187657
2025-02-12 09:30:00,22978.3,22986.4,22935.2,22935.3,7604901
2025-02-12 09:35:00,22934.95,22945.95,22919.05,22924.95,6448673
2025-02-12 09:40:00,22925.45,22932.3,22891.75,22911.8,6156047
2025-02-12 09:45:00,22911.95,22912.25,22858.05,22858.6,6836785
2025-02-12 09:50:00,22858.8,22876.55,22850.45,22875.9,5492293
2025-02-12 09:55:00,22876.85,22887.2,22828.7,22840.75,6195390
2025-02-12 10:00:00,22840.15,22840.35,22814.5,22819.6,4141323
2025-02-12 10:05:00,22818.2,22851.25,22817.45,22844.45,4674736
2025-02-12 10:10:00,22844.05,22866.3,22828.15,22830.6,3842721
2025-02-12 10:15:00,22831.1,22873.35,22798.35,22856.15,5784875
2025-02-12 10:20:00,22855.9,22858.25,22837.45,22856.4,3857627
2025-02-12 10:25:00,22857.7,22880.3,22845,22857.85,4302266
2025-02-12 10:30:00,22857.4,22890.75,22850.15,22889.85,3075344
2025-02-12 10:35:00,22889.55,22925.6,22877.15,22914.65,5119583
2025-02-12 10:40:00,22913.85,22916.85,22862.6,22866.65,5168477
2025-02-12 10:45:00,22869.6,22948.05,22867.5,22941.55,5227174
2025-02-12 10:50:00,22942.05,22954.45,22931.1,22938,4818698
2025-02-12 10:55:00,22937.9,22942.25,22911.6,22923.05,4172645
2025-02-12 11:00:00,22923.25,22929.65,22889,22897.65,3390682
2025-02-12 11:05:00,22896.85,22941.2,22872.2,22936.95,3942995
2025-02-12 11:10:00,22936.85,22944.8,22923.1,22925.55,3890006
2025-02-12 11:15:00,22924.9,22934.25,22905.6,22933.4,3054425
2025-02-12 11:20:00,22933.8,22940.2,22910.95,22938.55,2850082
2025-02-12 11:25:00,22938.4,22941.15,22922.35,22928.2,2318689
2025-02-12 11:30:00,22926.9,22949.4,22909.25,22913.65,3122385
2025-02-12 11:35:00,22913.4,22929.1,22895.9,22928.4,2671927
2025-02-12 11:40:00,22928.75,23009.55,22925.65,23009.55,4269216
2025-02-12 11:45:00,23010.15,23060.1,22985.05,23004.6,7097215
2025-02-12 11:50:00,23004.05,23025.75,22973.4,23024.35,3716075
2025-02-12 11:55:00,23024.8,23077.4,23014.95,23051,3750824
2025-02-12 12:00:00,23051.3,23072.95,23050.75,23058,2906083
2025-02-12 12:05:00,23057.7,23058.25,23022.8,23033.25,3160001
2025-02-12 12:10:00,23033.3,23053.1,23031.25,23044.4,2369111
2025-02-12 12:15:00,23044.9,23053.85,23011.6,23016.1,2816908
2025-02-12 12:20:00,23017.75,23037.75,23013.2,23015.2,1740546
2025-02-12 12:25:00,23014.5,23028.75,22997.3,23016.8,2731136
2025-02-12 12:30:00,23017.05,23087.6,23017.05,23069.5,3124142
2025-02-12 12:35:00,23068.65,23072.25,23046.7,23046.75,2041079
2025-02-12 12:40:00,23047.15,23062.35,23030.65,23042.45,2076529
2025-02-12 12:45:00,23045.6,23084.95,23045.6,23070.3,2226795
2025-02-12 12:50:00,23070.25,23110.85,23066.9,23066.9,2534961
2025-02-12 12:55:00,23066.1,23079.1,23056.9,23074.9,2286840
2025-02-12 13:00:00,23074.3,23090.4,23051.7,23067.05,2057604
2025-02-12 13:05:00,23067.3,23102.65,23057.55,23080.5,1987121
2025-02-12 13:10:00,23081.55,23120,23081.55,23103.05,2355757
2025-02-12 13:15:00,23105.45,23113.4,23087.15,23104.35,2109737
2025-02-12 13:20:00,23103.45,23125.75,23093,23115.5,2046945
2025-02-12 13:25:00,23115.7,23126.4,23108.15,23120.8,2079695
2025-02-12 13:30:00,23121.1,23144.7,23110.95,23122.6,2225204
2025-02-12 13:35:00,23123,23133.25,23107.9,23127.1,1802307
2025-02-12 13:40:00,23127.25,23130.4,23061.9,23100.15,3674777
2025-02-12 13:45:00,23101.45,23101.45,23040.3,23042.05,2530536
2025-02-12 13:50:00,23042.15,23055.9,23029.8,23031.7,2410666
2025-02-12 13:55:00,23032.85,23038.8,22997.7,23001.3,2848876
2025-02-12 14:00:00,23002.25,23020.95,22997.35,23011.7,2855425
2025-02-12 14:05:00,23011.75,23031.2,22964.6,22965.15,2975821
2025-02-12 14:10:00,22964.6,23008.25,22964.55,23002.25,2830805
2025-02-12 14:15:00,23002.3,23006.95,22989.35,22998.4,2045020
2025-02-12 14:20:00,22998.6,23030.6,22993.45,22994.45,2194995
2025-02-12 14:25:00,22994.5,23005.55,22980.75,22998.25,2746052
2025-02-12 14:30:00,22998.5,22998.65,22970.05,22976.15,2491611
2025-02-12 14:35:00,22976.05,22979.9,22956.65,22971,3418208
2025-02-12 14:40:00,22971.4,23009.35,22968.15,22991.45,3160763
2025-02-12 14:45:00,22990.75,22994.5,22972.95,22976.05,2534913
2025-02-12 14:50:00,22977.15,22985.9,22968,22983.55,2572478
2025-02-12 14:55:00,22983.45,22998.35,22980.2,22989.45,2517198
2025-02-12 15:00:00,22988.7,23031.65,22988.7,23030.95,5587408
2025-02-12 15:05:00,23033.1,23059.65,23032.5,23043.95,5864759
2025-02-12 15:10:00,23045.3,23054.5,23039.2,23051.55,6469705
2025-02-12 15:15:00,23050.85,23061.35,23043.15,23046,7832683
2025-02-12 15:20:00,23045.75,23060.65,23045.75,23057.95,6639367
2025-02-12 15:25:00,23057.8,23063.2,23048,23057.8,5403994
2025-02-13 09:15:00,23063.6,23115.05,23052.65,23080.45,15692893
2025-02-13 09:20:00,23081.45,23096.9,22996.7,23013.65,9497336
2025-02-13 09:25:00,23011.55,23046.25,22992.2,23025.25,6410153
2025-02-13 09:30:00,23024.9,23106.65,23024.55,23103.2,5252087
2025-02-13 09:35:00,23103.65,23120.4,23087.75,23101.4,4632303
2025-02-13 09:40:00,23101.15,23129.15,23098.8,23119.6,5447442
2025-02-13 09:45:00,23119.35,23140.7,23119.35,23133.8,4657908
2025-02-13 09:50:00,23133.7,23174.65,23130.2,23173.3,3484730
2025-02-13 09:55:00,23174.25,23190.55,23157.8,23173.95,4263572
2025-02-13 10:00:00,23176.5,23192.5,23167.75,23186.65,3918653
2025-02-13 10:05:00,23186.45,23192,23164.8,23170.6,3888263
2025-02-13 10:10:00,23170.1,23185.75,23156.45,23171.7,3582212
2025-02-13 10:15:00,23172,23190.6,23172,23176,2587284
2025-02-13 10:20:00,23175.9,23181.2,23147.65,23158.4,2763778
2025-02-13 10:25:00,23157.55,23163.9,23131.75,23147.4,2657367
2025-02-13 10:30:00,23147.45,23177.5,23138.55,23170.75,3269985
2025-02-13 10:35:00,23170.6,23207.05,23170,23202.9,3470809
2025-02-13 10:40:00,23202.35,23209,23190.25,23190.5,2949393
2025-02-13 10:45:00,23191.2,23201.65,23179.75,23185.7,2381289
2025-02-13 10:50:00,23186,23192.25,23177.55,23190.8,2301581
2025-02-13 10:55:00,23190.6,23190.6,23173.05,23176.55,2526327
2025-02-13 11:00:00,23177,23205,23169.8,23179.5,4624749
2025-02-13 11:05:00,23179.55,23187.55,23159.4,23168.1,3195309
2025-02-13 11:10:00,23168.15,23181.3,23160.85,23181.3,2123245
2025-02-13 11:15:00,23181.4,23195.9,23179.8,23193.25,2456218
2025-02-13 11:20:00,23192.3,23193.7,23183.5,23190.15,2009303
2025-02-13 11:25:00,23190.05,23199.9,23185.75,23196.9,1756483
2025-02-13 11:30:00,23197,23205.85,23193.75,23201.95,2391889
2025-02-13 11:35:00,23202.1,23210.2,23195.2,23200.1,2209233
2025-02-13 11:40:00,23199.85,23227,23194.05,23222.45,2163895
2025-02-13 11:45:00,23223.6,23234.2,23207.9,23219.9,3256654
2025-02-13 11:50:00,23219.95,23235.5,23216.85,23223.65,3028778
2025-02-13 11:55:00,23223.7,23226.9,23215.8,23220.85,1825457
2025-02-13 12:00:00,23220.75,23225.8,23217.5,23219.95,2151049
2025-02-13 12:05:00,23220.1,23224.55,23211,23213.55,2386594
2025-02-13 12:10:00,23212.65,23216.45,23185.25,23195.8,2804221
2025-02-13 12:15:00,23195.7,23210,23190.1,23205.8,2573901
2025-02-13 12:20:00,23205.65,23205.9,23183.2,23190.6,2009057
2025-02-13 12:25:00,23191.4,23200.9,23188.5,23195.1,1814320
2025-02-13 12:30:00,23195.75,23206.85,23189.1,23203.1,1557192
2025-02-13 12:35:00,23202.85,23204.3,23189.2,23191.05,1788016
2025-02-13 12:40:00,23191.55,23198.05,23176.15,23195.1,2303359
2025-02-13 12:45:00,23194.7,23206.55,23190.6,23197.45,2570867
2025-02-13 12:50:00,23197,23198.6,23182.7,23188.15,2098157
2025-02-13 12:55:00,23188.2,23191.65,23183.4,23190.2,1371536
2025-02-13 13:00:00,23191.15,23200.65,23177.45,23185.55,1720158
2025-02-13 13:05:00,23185.6,23186.7,23179.25,23181.5,1450393
2025-02-13 13:10:00,23180.8,23182.8,23153.1,23153.1,2763364
2025-02-13 13:15:00,23152.75,23170.65,23144.05,23166.7,3848460
2025-02-13 13:20:00,23166.1,23177.65,23154.7,23155.7,4169973
2025-02-13 13:25:00,23155.8,23161.2,23131.85,23151.05,3385249
2025-02-13 13:30:00,23150.8,23153.5,23105.45,23109.65,3966135
2025-02-13 13:35:00,23107.55,23110.1,23072.05,23080.4,5520911
2025-02-13 13:40:00,23079.9,23092.15,23054.55,23086.2,5371718
2025-02-13 13:45:00,23087.15,23087.8,23055.15,23057.8,3233986
2025-02-13 13:50:00,23058.15,23086.75,23043.6,23066.15,3492777
2025-02-13 13:55:00,23068,23097.05,23065,23077.9,3150457
2025-02-13 14:00:00,23079.6,23102,23078.55,23097.5,2528340
2025-02-13 14:05:00,23097.25,23099.4,23042.5,23044.25,3048994
2025-02-13 14:10:00,23044.3,23063.3,23032.7,23063,2960168
2025-02-13 14:15:00,23063.65,23074.5,23050.5,23056.8,2490589
2025-02-13 14:20:00,23054.65,23066.45,23046.15,23053.65,2749736
2025-02-13 14:25:00,23055.15,23066.05,23047.35,23056.6,3458313
2025-02-13 14:30:00,23056.75,23056.8,23028.15,23032.1,4285512
2025-02-13 14:35:00,23032.15,23032.15,23004.7,23023.35,3367133
2025-02-13 14:40:00,23023.2,23035.45,23007.8,23022.2,3579436
2025-02-13 14:45:00,23022.35,23045.05,23016.55,23043.6,2887246
2025-02-13 14:50:00,23043.35,23056.6,23029.55,23055.7,2851249
2025-02-13 14:55:00,23055.95,23056.4,23040.25,23050.85,2941759
2025-02-13 15:00:00,23052.15,23063.8,23019.25,23024.75,6850544
2025-02-13 15:05:00,23025.5,23040.6,23019.75,23040.6,5734991
2025-02-13 15:10:00,23040.5,23044.05,23022.55,23030.15,5778563
2025-02-13 15:15:00,23030.4,23039.65,23028.7,23030.5,7574258
2025-02-13 15:20:00,23030.05,23035.3,23022,23023.8,6433829
2025-02-13 15:25:00,23023.6,23028.1,23014.4,23019.4,5594821
2025-02-14 09:15:00,23097.7,23133.7,23083.2,23093.1,11970241
2025-02-14 09:20:00,23092.05,23100.5,23067.2,23087.7,6606910
2025-02-14 09:25:00,23088.2,23090.55,23026.75,23029.35,5114121
2025-02-14 09:30:00,23027.2,23039.55,23009.65,23020.85,4696714
2025-02-14 09:35:00,23020,23070.95,23007.2,23059.4,4545648
2025-02-14 09:40:00,23059.25,23063,23034.7,23043.2,3234413
2025-02-14 09:45:00,23042.9,23052.95,23024.1,23049.2,2728823
2025-02-14 09:50:00,23048.75,23074.4,23017.9,23017.9,2878029
2025-02-14 09:55:00,23018.35,23065.5,23016.8,23051.05,2828981
2025-02-14 10:00:00,23050.5,23074.15,23047.85,23070.65,2270503
2025-02-14 10:05:00,23070.9,23094.35,23055.7,23069.75,2715177
2025-02-14 10:10:00,23069.05,23070.1,23041.55,23043,3325147
2025-02-14 10:15:00,23042.75,23079.3,23041,23073.8,5199318
2025-02-14 10:20:00,23073.75,23080.75,23060,23078.3,2089698
2025-02-14 10:25:00,23078.6,23082.25,23031.2,23032.65,2485866
2025-02-14 10:30:00,23033.05,23045.55,23025.3,23026.15,2096399
2025-02-14 10:35:00,23029.15,23029.8,22946.15,22951.75,4413845
2025-02-14 10:40:00,22951.15,22954.25,22920.1,22924,3859180
2025-02-14 10:45:00,22923.9,22934.15,22885.85,22898.65,3464552
2025-02-14 10:50:00,22899.25,22912.55,22890.5,22904.1,2713707
2025-02-14 10:55:00,22903,22915.7,22900.15,22912.2,2440051
2025-02-14 11:00:00,22912,22919.6,22872.95,22874.1,3177564
2025-02-14 11:05:00,22873.55,22875.75,22844.9,22846.3,3250319
2025-02-14 11:10:00,22844.7,22901.65,22843.3,22893.95,2942506
2025-02-14 11:15:00,22893.35,22895.05,22862.75,22863.25,2349472
2025-02-14 11:20:00,22863.05,22886.05,22856.35,22862.5,2103510
2025-02-14 11:25:00,22862.55,22878.1,22854.7,22854.8,1653402
2025-02-14 11:30:00,22854.55,22880.4,22848.85,22871.65,2337119
2025-02-14 11:35:00,22871.8,22878.95,22846.75,22848.6,1808151
2025-02-14 11:40:00,22848.5,22902,22846.05,22901.15,2451589
2025-02-14 11:45:00,22902.5,22908.65,22888.85,22889.25,2511683
2025-02-14 11:50:00,22889,22905.8,22886.95,22897.9,2150543
2025-02-14 11:55:00,22897.5,22922.35,22889.35,22918.7,2693428
2025-02-14 12:00:00,22919.45,22921.95,22849.75,22850.1,4255376
2025-02-14 12:05:00,22849.8,22865.15,22818.6,22824.85,2823279
2025-02-14 12:10:00,22825.4,22846.05,22821.95,22842.05,2966817
2025-02-14 12:15:00,22842.2,22852.4,22826.55,22826.55,3343392
2025-02-14 12:20:00,22826.7,22840.35,22815.1,22831.85,2685620
2025-02-14 12:25:00,22832.45,22857.95,22830.55,22847.7,2466938
2025-02-14 12:30:00,22847.4,22848.5,22832.15,22836.45,1656503
2025-02-14 12:35:00,22836.25,22866.95,22834.55,22865.3,2360589
2025-02-14 12:40:00,22865.25,22865.55,22834.8,22835.95,2153861
2025-02-14 12:45:00,22835.65,22846.2,22823.05,22823.5,1999451
2025-02-14 12:50:00,22823.55,22852.7,22820.75,22827.85,2088049
2025-02-14 12:55:00,22828.4,22838.1,22800.9,22802.7,2269172
2025-02-14 13:00:00,22803.4,22815.3,22774.85,22786.4,3764228
2025-02-14 13:05:00,22786.7,22801.8,22785.1,22788.15,2161359
2025-02-14 13:10:00,22788.3,22812.15,22787.15,22806.35,1930416
2025-02-14 13:15:00,22805.9,22841.95,22800.4,22830.85,2912955
2025-02-14 13:20:00,22830.95,22850.15,22820.05,22832.1,2208563
2025-02-14 13:25:00,22832.35,22849.75,22827.45,22839,2106367
2025-02-14 13:30:00,22838.95,22845.05,22825.45,22838.35,2056689
2025-02-14 13:35:00,22838.45,22838.45,22794.9,22801.95,2770034
2025-02-14 13:40:00,22801.1,22816.85,22799.45,22812.1,2788293
2025-02-14 13:45:00,22813.05,22818.05,22792.75,22792.95,2086386
2025-02-14 13:50:00,22793.65,22805.55,22786.95,22789.3,2703417
2025-02-14 13:55:00,22788.95,22801.9,22785.6,22791.95,2431176
2025-02-14 14:00:00,22792,22797.95,22776,22777.25,2309709
2025-02-14 14:05:00,22777.2,22811.8,22775.95,22790.5,2913544
2025-02-14 14:10:00,22789.5,22802.05,22778.6,22802.05,3101700
2025-02-14 14:15:00,22801.95,22857.6,22799.2,22855.6,5663878
2025-02-14 14:20:00,22855.85,22876.85,22836.3,22839,3720007
2025-02-14 14:25:00,22838.8,22864.85,22833.95,22860.45,3085529
2025-02-14 14:30:00,22859.95,22893.25,22853.35,22892.8,3898852
2025-02-14 14:35:00,22894.6,22938.2,22894.6,22910.85,4967890
2025-02-14 14:40:00,22910.25,22966.45,22910.25,22961.3,4952286
2025-02-14 14:45:00,22961.15,22963.45,22930.8,22947,3783350
2025-02-14 14:50:00,22946.3,22963.1,22935.45,22943.25,3739356
2025-02-14 14:55:00,22943.8,22943.8,22893.6,22937.95,4465136
2025-02-14 15:00:00,22938.7,22958.95,22926,22927.6,5885702
2025-02-14 15:05:00,22927.5,22937.6,22913.85,22924.95,5366874
2025-02-14 15:10:00,22925.7,22941.3,22925.7,22933.4,5212894
2025-02-14 15:15:00,22933.85,22935.6,22921.25,22931.9,7009694
2025-02-14 15:20:00,22932.9,22932.9,22910.85,22921.3,6529426
2025-02-14 15:25:00,22921.4,22929.45,22895.85,22897.25,4833184
2025-02-17 09:15:00,22835.5,22835.5,22725.45,22803.45,14438579
2025-02-17 09:20:00,22806.05,22873.75,22805.1,22842.35,6614153
2025-02-17 09:25:00,22842,22874.75,22818.55,22831.45,5098244
2025-02-17 09:30:00,22830.35,22839.45,22769.2,22805.55,4772073
2025-02-17 09:35:00,22805.65,22824.35,22770.15,22776.3,3869844
2025-02-17 09:40:00,22776.8,22793.85,22755.75,22778.7,3621386
2025-02-17 09:45:00,22777,22810.2,22768.2,22793.35,2864273
2025-02-17 09:50:00,22792.65,22795.45,22748.3,22750.15,3016807
2025-02-17 09:55:00,22748.3,22780.55,22740.2,22771.2,3042585
2025-02-17 10:00:00,22770.8,22773.9,22744,22749.85,3956992
2025-02-17 10:05:00,22748.75,22785.85,22746.6,22779,2975724
2025-02-17 10:10:00,22777.2,22784.7,22750,22756.85,2404622
2025-02-17 10:15:00,22757.35,22779.65,22750.75,22778.8,2198662
2025-02-17 10:20:00,22778.2,22825.75,22774.85,22805.5,3018350
2025-02-17 10:25:00,22804.45,22827.85,22777.8,22827.3,2877567
2025-02-17 10:30:00,22826.95,22839.85,22814.2,22824.6,3204467
2025-02-17 10:35:00,22824.3,22907.25,22824,22872.55,4399062
2025-02-17 10:40:00,22873.05,22916.15,22869.45,22916.15,3358823
2025-02-17 10:45:00,22916.25,22926.65,22894.35,22903.75,3778607
2025-02-17 10:50:00,22905.05,22922.35,22899.65,22911.45,2014831
2025-02-17 10:55:00,22911.5,22915.65,22862.6,22877.5,2930490
2025-02-17 11:00:00,22879.05,22894.95,22856.15,22856.3,2482533
2025-02-17 11:05:00,22856.05,22865.65,22836,22838.8,3232277
2025-02-17 11:10:00,22839.75,22847.55,22797.25,22805.7,3287154
2025-02-17 11:15:00,22806.2,22820.1,22799.8,22806.4,2427771
2025-02-17 11:20:00,22806.35,22838.35,22802.15,22836.85,2358198
2025-02-17 11:25:00,22836.75,22847.9,22830.2,22840.1,1491911
2025-02-17 11:30:00,22838.8,22852.5,22835.5,22844.6,1492557
2025-02-17 11:35:00,22845.1,22848.05,22819.6,22826.9,1866844
2025-02-17 11:40:00,22826.75,22856.25,22825.2,22856.25,1837395
2025-02-17 11:45:00,22856.6,22868.4,22847.6,22861.85,1768298
2025-02-17 11:50:00,22861.45,22861.8,22839.4,22848.2,1202680
2025-02-17 11:55:00,22847.45,22867.2,22845.45,22862.35,1735720
2025-02-17 12:00:00,22863,22889.5,22850.55,22857.4,1862787
2025-02-17 12:05:00,22857.45,22864.8,22833.45,22845.95,1595668
2025-02-17 12:10:00,22845.35,22846.7,22823.05,22823.7,1107420
2025-02-17 12:15:00,22824.1,22830.7,22809.1,22811.65,1705789
2025-02-17 12:20:00,22811.6,22812.9,22796.2,22812.45,1584107
2025-02-17 12:25:00,22813.65,22824.25,22811,22819.8,1306818
2025-02-17 12:30:00,22819.75,22830.05,22814.85,22823.9,1339647
2025-02-17 12:35:00,22823.8,22824.75,22809.85,22818.15,1503192
2025-02-17 12:40:00,22818.8,22852.7,22816.5,22847.35,1710349
2025-02-17 12:45:00,22847.3,22882.2,22841.05,22845.85,2269425
2025-02-17 12:50:00,22846.75,22867,22845.85,22850.75,2358798
2025-02-17 12:55:00,22850.5,22881.3,22846.65,22880.45,1770490
2025-02-17 13:00:00,22880.3,22899.8,22868.95,22869.7,1755709
2025-02-17 13:05:00,22868.85,22870.9,22847.65,22850.2,1834497
2025-02-17 13:10:00,22849.7,22861.3,22837.1,22837.85,1873481
2025-02-17 13:15:00,22838.6,22850,22835.15,22836.95,1529783
2025-02-17 13:20:00,22837.7,22867.7,22834.1,22865.5,1735741
2025-02-17 13:25:00,22865.1,22873.35,22852.2,22861.3,1604874
2025-02-17 13:30:00,22861.35,22910.05,22859.65,22908.5,2758658
2025-02-17 13:35:00,22911.85,22926.95,22881.45,22911.8,3298747
2025-02-17 13:40:00,22912.45,22959.35,22907.75,22937.55,3417928
2025-02-17 13:45:00,22937.65,22949,22905.2,22923.15,2930293
2025-02-17 13:50:00,22924.6,22939.2,22910.3,22915.3,1713685
2025-02-17 13:55:00,22915.7,22917.65,22882.55,22898.8,2092169
2025-02-17 14:00:00,22900.35,22934.05,22876.75,22883.75,2220989
2025-02-17 14:05:00,22885.7,22905.85,22880.75,22885.75,1648511
2025-02-17 14:10:00,22886.05,22904.45,22880.05,22886.5,1538151
2025-02-17 14:15:00,22887.1,22920.85,22887.1,22920.7,1700938
2025-02-17 14:20:00,22920.75,22921.5,22897,22905.95,1578919
2025-02-17 14:25:00,22906.15,22927,22903.55,22915.45,1476075
2025-02-17 14:30:00,22914.9,22915.7,22897.5,22901.35,1462724
2025-02-17 14:35:00,22901.15,22908.15,22883.3,22901.75,2137026
2025-02-17 14:40:00,22902.3,22919.2,22898.6,22911.95,2475362
2025-02-17 14:45:00,22911.65,22923.3,22905.45,22915.9,2670419
2025-02-17 14:50:00,22915.7,22917.55,22896.4,22903.65,2193968
2025-02-17 14:55:00,22904.4,22949.95,22901.4,22939,3209237
2025-02-17 15:00:00,22939.45,22962.85,22939.45,22950.7,3631418
2025-02-17 15:05:00,22950.1,22963.25,22938.1,22960.85,3874472
2025-02-17 15:10:00,22960.55,22968.1,22955.15,22966.7,3662775
2025-02-17 15:15:00,22971.8,22971.8,22954.8,22961.75,6102222
2025-02-17 15:20:00,22961.65,22971.7,22959.65,22966.3,4513787
2025-02-17 15:25:00,22966.95,22974.2,22961.3,22963.5,3636690
2025-02-18 09:15:00,22977.6,22992.5,22907.7,22909.3,6572546
2025-02-18 09:20:00,22909.65,22924.85,22884.3,22884.45,3917226
2025-02-18 09:25:00,22884.25,22907.75,22876.85,22900.7,4640601
2025-02-18 09:30:00,22900.4,22900.4,22868.45,22878.4,3902282
2025-02-18 09:35:00,22877.4,22915.9,22869.5,22908.85,3046649
2025-02-18 09:40:00,22909.5,22934.8,22900.3,22924.45,2712614
2025-02-18 09:45:00,22924.4,22938.75,22916.65,22937.25,2262882
2025-02-18 09:50:00,22938,22968.3,22911,22921.05,2722768
2025-02-18 09:55:00,22920.1,22937.9,22907.55,22914.5,1978100
2025-02-18 10:00:00,22914.75,22945,22913.95,22937.9,2229823
2025-02-18 10:05:00,22937.4,22943.7,22911.45,22911.45,2108514
2025-02-18 10:10:00,22908.3,22918.35,22893.25,22894.45,4085889
2025-02-18 10:15:00,22894.1,22909.05,22867.6,22868,1853267
2025-02-18 10:20:00,22868.1,22869.05,22822.15,22842.5,3907832
2025-02-18 10:25:00,22841.9,22843.25,22820.05,22827.15,2338684
2025-02-18 10:30:00,22826.45,22840.75,22818,22818.3,2179241
2025-02-18 10:35:00,22818.25,22837.8,22814.15,22837.3,1596914
2025-02-18 10:40:00,22837.45,22844,22827.3,22841.45,1987657
2025-02-18 10:45:00,22840.5,22847.85,22828,22831.6,2125065
2025-02-18 10:50:00,22831.3,22860.7,22829.95,22860.7,2269224
2025-02-18 10:55:00,22862.5,22877.55,22856.75,22869.65,2455518
2025-02-18 11:00:00,22869.8,22870.2,22847.15,22848.45,2321598
2025-02-18 11:05:00,22848.85,22850.6,22829.75,22831.8,1957478
2025-02-18 11:10:00,22831.15,22834.15,22801.5,22813.7,3068603
2025-02-18 11:15:00,22814.35,22832.35,22807.5,22831.95,1793386
2025-02-18 11:20:00,22832.45,22844,22825.35,22825.35,1705381
2025-02-18 11:25:00,22827.25,22838.8,22819.6,22838.8,2524267
2025-02-18 11:30:00,22839.5,22850.65,22830.95,22849.7,2114780
2025-02-18 11:35:00,22850,22853.8,22838.8,22843.35,1294240
2025-02-18 11:40:00,22842.75,22867.15,22839.25,22866.7,1400958
2025-02-18 11:45:00,22866.45,22900.7,22865.25,22875.1,2216110
2025-02-18 11:50:00,22875.65,22876.4,22853.85,22856.15,1271999
2025-02-18 11:55:00,22856.55,22862.1,22836.85,22837.1,2077634
2025-02-18 12:00:00,22836.4,22849.3,22831.5,22835.1,1974965
2025-02-18 12:05:00,22834.75,22854.65,22830.8,22854.55,1291979
2025-02-18 12:10:00,22854.95,22867.5,22848.15,22863.3,1639411
2025-02-18 12:15:00,22859.55,22873.7,22855.25,22873,1757487
2025-02-18 12:20:00,22873.55,22873.55,22854.45,22857.15,1676826
2025-02-18 12:25:00,22857.5,22882.45,22852.5,22876.4,1632985
2025-02-18 12:30:00,22877.25,22900.35,22873.45,22898.95,1927502
2025-02-18 12:35:00,22897.35,22909.55,22881.8,22888.35,1869136
2025-02-18 12:40:00,22887.3,22891.8,22874.25,22877.65,1729688
2025-02-18 12:45:00,22878.35,22892.2,22875.1,22876.35,2124192
2025-02-18 12:50:00,22877.35,22881.85,22850.5,22858.75,2627066
2025-02-18 12:55:00,22859.2,22860.85,22839.95,22854.1,2786996
2025-02-18 13:00:00,22853.4,22868.65,22843.7,22857,2436042
2025-02-18 13:05:00,22856.8,22877.2,22854.05,22874.4,1644244
2025-02-18 13:10:00,22874.9,22879.85,22862.6,22871.85,1577806
2025-02-18 13:15:00,22872.05,22887.7,22871.75,22879.4,1625102
2025-02-18 13:20:00,22879.5,22889.1,22873.35,22884.25,1403438
2025-02-18 13:25:00,22884.3,22894.9,22875.15,22894.25,1970600
2025-02-18 13:30:00,22893.8,22905.85,22884,22904.75,2221900
2025-02-18 13:35:00,22904.8,22918,22886.65,22896.4,2164978
2025-02-18 13:40:00,22895.9,22934.3,22891.9,22921.45,2997325
2025-02-18 13:45:00,22922.8,22924.55,22898.9,22910.1,2493492
2025-02-18 13:50:00,22909.55,22925.5,22906.75,22924.7,2201783
2025-02-18 13:55:00,22924.1,22929.95,22906.65,22915.4,2774535
2025-02-18 14:00:00,22914.7,22926.1,22897.85,22898.5,2626232
2025-02-18 14:05:00,22897.95,22922.9,22890,22920.5,2859973
2025-02-18 14:10:00,22919.7,22932.6,22915.8,22917.25,2261105
2025-02-18 14:15:00,22917.3,22927.55,22909.7,22918.25,2301469
2025-02-18 14:20:00,22918.55,22930.9,22917.05,22927.65,2282380
2025-02-18 14:25:00,22927.05,22947.65,22925.1,22947.5,2026390
2025-02-18 14:30:00,22947.35,22952.7,22924.8,22930.5,3275614
2025-02-18 14:35:00,22930.3,22943.35,22925.65,22938.65,4683432
2025-02-18 14:40:00,22938.9,22950.75,22928.55,22947.05,3641597
2025-02-18 14:45:00,22945.7,22959.35,22940.4,22956.7,2774968
2025-02-18 14:50:00,22956.25,22966.55,22946.1,22951.95,4415858
2025-02-18 14:55:00,22953.25,22955.35,22925.8,22943.3,3860473
2025-02-18 15:00:00,22946.1,22970.8,22945.85,22951.3,6781862
2025-02-18 15:05:00,22952.55,22961.9,22949.8,22955.6,5724285
2025-02-18 15:10:00,22956.65,22959.1,22948,22951.4,6913233
2025-02-18 15:15:00,22952.1,22952.1,22933.4,22939.5,7753173
2025-02-18 15:20:00,22940.2,22941.6,22926.75,22932.8,7012685
2025-02-18 15:25:00,22932.95,22936,22918.3,22923.15,5668989
2025-02-19 09:15:00,22847.55,22863.75,22814.85,22859.95,11092237
2025-02-19 09:20:00,22858.45,22877.05,22838.9,22849.45,6498997
2025-02-19 09:25:00,22848.65,22862.05,22840.2,22852.9,4829702
2025-02-19 09:30:00,22852.2,22892.45,22846.8,22890.65,4522105
2025-02-19 09:35:00,22890.3,22904.9,22882.95,22899.45,3656102
2025-02-19 09:40:00,22900.05,22912.35,22882.1,22912.3,3221575
2025-02-19 09:45:00,22912.6,22964.9,22912.05,22955.05,4425882
2025-02-19 09:50:00,22954.75,22971.3,22939.55,22967.45,4131839
2025-02-19 09:55:00,22967.85,22992.05,22967.85,22989.1,3189190
2025-02-19 10:00:00,22988.35,22996.2,22973.25,22973.8,3232814
2025-02-19 10:05:00,22973.45,22988.3,22959.1,22967.75,3223749
2025-02-19 10:10:00,22967.45,22985.6,22954.25,22985.6,2742009
2025-02-19 10:15:00,22986.4,23031.15,22986.4,23025.85,3709404
2025-02-19 10:20:00,23026.6,23043.05,23021.05,23036.45,2621786
2025-02-19 10:25:00,23036.55,23037.2,23023.1,23034.3,2519835
2025-02-19 10:30:00,23033.7,23049.95,23023.15,23023.4,2553526
2025-02-19 10:35:00,23022.15,23031.15,23009.5,23030.75,2780051
2025-02-19 10:40:00,23030.65,23036.3,23019.55,23020.75,2120241
2025-02-19 10:45:00,23021,23028.1,22994.55,22994.55,2380482
2025-02-19 10:50:00,22994,22995,22957.8,22964.7,3151169
2025-02-19 10:55:00,22964.5,22964.7,22926.25,22927.95,3242115
2025-02-19 11:00:00,22927.8,22961.6,22922.45,22952.8,2315293
2025-02-19 11:05:00,22952.75,22965.65,22940.6,22945.7,1730122
2025-02-19 11:10:00,22946.05,22972.1,22937.4,22972.1,1454708
2025-02-19 11:15:00,22972.3,22985.65,22952.7,22960.85,1621312
2025-02-19 11:20:00,22961.2,22970.15,22958.5,22969.55,1785897
2025-02-19 11:25:00,22970,22970.85,22946.4,22960.45,1496066
2025-02-19 11:30:00,22960.55,22987.7,22957.9,22986.65,1620913
2025-02-19 11:35:00,22986.45,22987.8,22970.4,22972.45,1347786
2025-02-19 11:40:00,22972.3,22975.55,22953.45,22959.8,1674986
2025-02-19 11:45:00,22959.55,22969.15,22959.25,22968.25,1476622
2025-02-19 11:50:00,22968.6,22990.55,22967.6,22985.9,2284377
2025-02-19 11:55:00,22986.25,23003.95,22982.8,23001.65,1675284
2025-02-19 12:00:00,23001.5,23011.4,22991.8,23005.7,1859040
2025-02-19 12:05:00,23005.35,23009.1,22996,23001,2134038
2025-02-19 12:10:00,23000.75,23005.2,22995,22999.35,1897624
2025-02-19 12:15:00,22998.7,23023.55,22993.4,23006.6,1859747
2025-02-19 12:20:00,23006.85,23009.8,22988.3,22992.7,1399466
2025-02-19 12:25:00,22993,22993.45,22968.4,22969.4,1706387
2025-02-19 12:30:00,22969.8,22972.65,22957.15,22964.25,1577875
2025-02-19 12:35:00,22964.2,22976.75,22954.9,22956.15,1907055
2025-02-19 12:40:00,22955.9,22956.55,22933.3,22943.95,2230111
2025-02-19 12:45:00,22944,22952.4,22938.85,22940.75,2135755
2025-02-19 12:50:00,22940.65,22952.75,22939.35,22945.9,1454969
2025-02-19 12:55:00,22946.35,22951.05,22937.55,22948.85,1511867
2025-02-19 13:00:00,22948.8,22954.05,22941,22943.65,1322654
2025-02-19 13:05:00,22944,22947.9,22914.25,22923.6,2064008
2025-02-19 13:10:00,22923.65,22939.55,22919.65,22938.85,2105199
2025-02-19 13:15:00,22938.75,22941.6,22932.65,22936.25,1607929
2025-02-19 13:20:00,22936.7,22939.15,22921.45,22923.3,1748840
2025-02-19 13:25:00,22923,22934.2,22921.25,22928.6,1694926
2025-02-19 13:30:00,22928.7,22934.65,22925.8,22933.2,1326576
2025-02-19 13:35:00,22933.3,22949.8,22931.2,22945.35,1821147
2025-02-19 13:40:00,22945.45,22961.05,22938.25,22938.75,2292739
2025-02-19 13:45:00,22938.1,22945.15,22934.1,22940.2,1427472
2025-02-19 13:50:00,22940.1,22950.2,22932.95,22933.3,1815668
2025-02-19 13:55:00,22932.85,22938.95,22926.5,22928.5,2506484
2025-02-19 14:00:00,22928.6,22942.3,22925.3,22938.4,2192505
2025-02-19 14:05:00,22938.1,22943.85,22933.5,22940.7,1903577
2025-02-19 14:10:00,22940.75,22953.65,22937.55,22950.8,4243367
2025-02-19 14:15:00,22950.55,22951.25,22877.55,22887.05,3815308
2025-02-19 14:20:00,22886.1,22903.05,22876.45,22885,2774620
2025-02-19 14:25:00,22884.3,22897.8,22861.85,22863.3,3147500
2025-02-19 14:30:00,22862.7,22879.9,22858.8,22879.6,3447688
2025-02-19 14:35:00,22880.2,22902.15,22877.9,22884.35,2339320
2025-02-19 14:40:00,22884.2,22889.75,22877.2,22880.85,2252718
2025-02-19 14:45:00,22880.45,22904.85,22878.55,22903.25,2583447
2025-02-19 14:50:00,22900.6,22925.35,22900.6,22920.35,2704639
2025-02-19 14:55:00,22921,22927.05,22909.95,22917.8,2250781
2025-02-19 15:00:00,22916.9,22936,22916.1,22934.65,3761862
2025-02-19 15:05:00,22934.15,22945.65,22931.4,22944.35,4576117
2025-02-19 15:10:00,22946.55,22949.15,22938.8,22939.95,4704578
2025-02-19 15:15:00,22940.05,22940.2,22924.45,22931.15,6319881
2025-02-19 15:20:00,22931.25,22932.6,22923.5,22926.55,4979896
2025-02-19 15:25:00,22926.45,22933.25,22912.35,22914.4,4299850
2025-02-20 09:15:00,22836.2,22871.4,22813.95,22857.1,13052728
2025-02-20 09:20:00,22857.2,22870.25,22842.9,22856.4,6444475
2025-02-20 09:25:00,22855.25,22880.55,22841.55,22847,4655912
2025-02-20 09:30:00,22846.3,22872.95,22841.75,22866.9,3766834
2025-02-20 09:35:00,22867.75,22895.9,22867.75,22891.15,5528488
2025-02-20 09:40:00,22891.05,22898.1,22872.6,22881.25,3911205
2025-02-20 09:45:00,22881.1,22881.1,22812.75,22825.15,5422149
2025-02-20 09:50:00,22825.2,22868.4,22823.4,22857.85,3921219
2025-02-20 09:55:00,22859.55,22890.55,22850.8,22883.85,2994445
2025-02-20 10:00:00,22883.05,22885.75,22863.6,22875.4,3172537
2025-02-20 10:05:00,22874.7,22883.2,22858.85,22880.3,2111854
2025-02-20 10:10:00,22880.25,22885.1,22867.35,22873.75,1933613
2025-02-20 10:15:00,22873.8,22900.65,22868.4,22887.75,2881395
2025-02-20 10:20:00,22887.3,22909.75,22875.1,22885.95,2855332
2025-02-20 10:25:00,22886.5,22893.95,22873.7,22880.5,2094019
2025-02-20 10:30:00,22880.05,22895.4,22874.75,22893.3,1880247
2025-02-20 10:35:00,22893,22904.6,22891.55,22891.55,1979006
2025-02-20 10:40:00,22891.7,22894.25,22879.75,22883.2,1902534
2025-02-20 10:45:00,22884.25,22890.1,22877.35,22885.4,2243475
2025-02-20 10:50:00,22885.1,22887.15,22875.1,22881.35,2527081
2025-02-20 10:55:00,22880.95,22887.6,22876.15,22886.55,2965572
2025-02-20 11:00:00,22887.2,22901.85,22887.2,22899.45,3343764
2025-02-20 11:05:00,22899.85,22911.45,22896.45,22909.65,5298092
2025-02-20 11:10:00,22910,22913.05,22902.6,22911.3,3363012
2025-02-20 11:15:00,22911.2,22914.1,22905.3,22912.55,3047873
2025-02-20 11:20:00,22912.9,22913.95,22897.95,22902.85,3776112
2025-02-20 11:25:00,22903.2,22906.6,22895,22904.35,2328592
2025-02-20 11:30:00,22904.4,22910.4,22902.2,22908.8,1983243
2025-02-20 11:35:00,22909,22909,22897.5,22899.5,1588743
2025-02-20 11:40:00,22899.8,22906.05,22898,22903.6,1575518
2025-02-20 11:45:00,22903.45,22905.9,22879.05,22890.6,2626208
2025-02-20 11:50:00,22890.95,22895,22886.1,22893.35,1604430
2025-02-20 11:55:00,22893.95,22898.7,22887.55,22895.7,2653498
2025-02-20 12:00:00,22896.5,22900.75,22894.1,22896.65,2280866
2025-02-20 12:05:00,22897.95,22903.95,22892.45,22895.25,2113107
2025-02-20 12:10:00,22894.95,22898.2,22888.65,22889,2060933
2025-02-20 12:15:00,22889.1,22893,22884.75,22892.5,1627348
2025-02-20 12:20:00,22892.9,22896.85,22889.75,22895,1905787
2025-02-20 12:25:00,22894.55,22899.3,22891.15,22895.15,2987215
2025-02-20 12:30:00,22895.1,22898.8,22887.05,22893.45,1970825
2025-02-20 12:35:00,22893.4,22905.55,22891.9,22905.55,1710625
2025-02-20 12:40:00,22905.35,22908.8,22896.6,22900,1840013
2025-02-20 12:45:00,22899.8,22903,22893.5,22896.3,1874081
2025-02-20 12:50:00,22896.25,22907.1,22891.4,22903.8,1672082
2025-02-20 12:55:00,22904.2,22906.35,22894.3,22899.35,1654421
2025-02-20 13:00:00,22899.45,22900,22870.55,22876.4,2415663
2025-02-20 13:05:00,22877,22888.05,22874.6,22885.25,1658315
2025-02-20 13:10:00,22885.1,22886.85,22876.75,22878.25,1582133
2025-02-20 13:15:00,22878.05,22887.35,22875.75,22885.7,1634648
2025-02-20 13:20:00,22885.55,22889.9,22879.15,22884.55,1774978
2025-02-20 13:25:00,22885.05,22888.45,22876.35,22883.75,1927564
2025-02-20 13:30:00,22883.95,22893.8,22883.95,22891,1829624
2025-02-20 13:35:00,22892.05,22898.65,22889.5,22891.9,2215577
2025-02-20 13:40:00,22891.8,22907.3,22891.35,22906.2,2355082
2025-02-20 13:45:00,22906,22917.1,22898.7,22911.55,2665789
2025-02-20 13:50:00,22910.7,22923,22905.55,22916.5,3268295
2025-02-20 13:55:00,22917.3,22918.55,22902.3,22910.2,2671909
2025-02-20 14:00:00,22909.75,22912.75,22901.8,22906.9,3850008
2025-02-20 14:05:00,22906.8,22909.25,22894.35,22900.8,3632680
2025-02-20 14:10:00,22901.55,22907.35,22893.8,22899.7,2992919
2025-02-20 14:15:00,22899.5,22905.45,22895.25,22902.8,2670895
2025-02-20 14:20:00,22902.95,22906.25,22899.75,22905,2485688
2025-02-20 14:25:00,22905.35,22910.35,22903.45,22905,2607936
2025-02-20 14:30:00,22904.9,22907.7,22899.75,22903.65,2820706
2025-02-20 14:35:00,22904,22914.45,22900.85,22910.5,2863857
2025-02-20 14:40:00,22910.35,22916.6,22908.85,22912.65,2929762
2025-02-20 14:45:00,22913.15,22923.85,22910.35,22915.8,3173289
2025-02-20 14:50:00,22915.55,22917.3,22896.95,22899.5,3577260
2025-02-20 14:55:00,22899.35,22912.2,22898.6,22911.65,2965850
2025-02-20 15:00:00,22911.2,22920.05,22906.9,22910.8,6303797
2025-02-20 15:05:00,22910.25,22915.05,22906.9,22914.45,5664173
2025-02-20 15:10:00,22914.85,22918.3,22905.65,22916.9,6378489
2025-02-20 15:15:00,22917.15,22920.8,22914.2,22919.3,8651326
2025-02-20 15:20:00,22919.1,22920.1,22911.4,22918.65,8822657
2025-02-20 15:25:00,22918.6,22920.3,22905,22905.9,6019476
2025-02-21 09:15:00,22857.55,22911.75,22849.65,22906.6,12363111
2025-02-21 09:20:00,22906.7,22921,22899,22907.65,6294493
2025-02-21 09:25:00,22906.65,22907.4,22882.3,22896.95,5471064
2025-02-21 09:30:00,22896.4,22906.25,22885.3,22889.1,3744251
2025-02-21 09:35:00,22889.25,22898.15,22875.7,22878.1,5388594
2025-02-21 09:40:00,22877.55,22877.7,22839.75,22843.5,4849133
2025-02-21 09:45:00,22844.45,22852.95,22826.15,22827.35,4124424
2025-02-21 09:50:00,22828.35,22830.5,22810.1,22812.6,4458881
2025-02-21 09:55:00,22812.05,22837.7,22810.7,22813.65,3827040
2025-02-21 10:00:00,22813.85,22827.8,22802.25,22819,3026918
2025-02-21 10:05:00,22818.85,22824.2,22804.85,22810.85,3489587
2025-02-21 10:10:00,22811.25,22818.6,22759.35,22760.65,4548947
2025-02-21 10:15:00,22760.2,22776.25,22733.3,22766.3,4763563
2025-02-21 10:20:00,22765.75,22788.35,22765.75,22774.1,2825219
2025-02-21 10:25:00,22773.1,22780.2,22767.15,22767.15,2383158
2025-02-21 10:30:00,22767,22790.5,22765.8,22790.35,2827886
2025-02-21 10:35:00,22790.5,22798,22773.15,22783.2,3196920
2025-02-21 10:40:00,22782.6,22790.9,22773.95,22789.2,1993092
2025-02-21 10:45:00,22789.55,22797.95,22775.85,22775.85,2159609
2025-02-21 10:50:00,22775.45,22782.25,22755.05,22762.6,2417858
2025-02-21 10:55:00,22762.65,22777.25,22757.85,22776.45,2110014
2025-02-21 11:00:00,22776.5,22788.15,22775.75,22780.55,1921986
2025-02-21 11:05:00,22779,22788.65,22742.85,22744.25,3274318
2025-02-21 11:10:00,22744.05,22770.9,22740.7,22767.95,2528293
2025-02-21 11:15:00,22768,22768.15,22755,22759.25,1839339
2025-02-21 11:20:00,22758.5,22763.8,22751.95,22752,1954910
2025-02-21 11:25:00,22751.9,22765.65,22746.8,22764.95,2358362
2025-02-21 11:30:00,22764.65,22785.25,22764.65,22783.8,2024154
2025-02-21 11:35:00,22783.55,22820.9,22783.55,22807.7,3492482
2025-02-21 11:40:00,22808.4,22814,22798.9,22800.75,3359530
2025-02-21 11:45:00,22800.8,22807.05,22786.95,22792.95,2405474
2025-02-21 11:50:00,22792.85,22807.9,22792.55,22798.75,1523975
2025-02-21 11:55:00,22798.25,22809.6,22788.9,22791.6,2553933
2025-02-21 12:00:00,22791.4,22799.1,22779.55,22785.5,2077223
2025-02-21 12:05:00,22785.65,22792.75,22776.1,22783.15,1833369
2025-02-21 12:10:00,22783.6,22789.1,22776.7,22786.3,2101762
2025-02-21 12:15:00,22786.2,22801.7,22783.2,22797.45,1703445
2025-02-21 12:20:00,22797.8,22806.35,22793.6,22801.2,2017222
2025-02-21 12:25:00,22799.25,22809.15,22794.85,22807.5,2397053
2025-02-21 12:30:00,22807,22822.95,22802.2,22822.35,3021427
2025-02-21 12:35:00,22821,22824.45,22810.3,22821.45,2887961
2025-02-21 12:40:00,22820.05,22824.1,22810.7,22810.7,1819131
2025-02-21 12:45:00,22809.6,22816.2,22799.4,22814,2312978
2025-02-21 12:50:00,22812.35,22818.45,22798.1,22799.5,2623287
2025-02-21 12:55:00,22799,22802.1,22785.25,22786.85,2346079
2025-02-21 13:00:00,22787.4,22789.3,22757.95,22769.3,3572881
2025-02-21 13:05:00,22767.55,22779,22766.55,22770.2,1688669
2025-02-21 13:10:00,22769.25,22783.8,22768.6,22776.7,3396818
2025-02-21 13:15:00,22775.3,22787.2,22766.75,22779.45,2034829
2025-02-21 13:20:00,22778.45,22779.25,22770,22775.95,1592765
2025-02-21 13:25:00,22774.2,22778.65,22749.75,22753.55,2997905
2025-02-21 13:30:00,22751.8,22768.8,22751.55,22765.8,1929228
2025-02-21 13:35:00,22764.4,22767.05,22723.8,22726.95,3527640
2025-02-21 13:40:00,22726.7,22739.5,22721.8,22735.6,2719928
2025-02-21 13:45:00,22735.25,22736.4,22720.3,22730.95,2683692
2025-02-21 13:50:00,22729.7,22753.1,22729.55,22752.75,2786700
2025-02-21 13:55:00,22751.75,22758.3,22749.1,22756.15,2307091
2025-02-21 14:00:00,22755.05,22766.55,22739.6,22753.25,2198636
2025-02-21 14:05:00,22751,22778.3,22750.95,22770.5,4416600
2025-02-21 14:10:00,22769.8,22781.85,22769.4,22778.9,2324635
2025-02-21 14:15:00,22778.6,22790.85,22773.75,22789.65,2665027
2025-02-21 14:20:00,22788.9,22792.05,22779.8,22783.1,2517889
2025-02-21 14:25:00,22782.15,22785,22760.05,22770.8,2585905
2025-02-21 14:30:00,22768.7,22785.6,22765.35,22770.1,2675928
2025-02-21 14:35:00,22768.75,22781.75,22768.75,22780.2,2572282
2025-02-21 14:40:00,22779.35,22792.5,22777.2,22787.85,4661153
2025-02-21 14:45:00,22787.2,22798.75,22780.7,22797.25,2064409
2025-02-21 14:50:00,22796.05,22800.7,22781.2,22784.3,3039970
2025-02-21 14:55:00,22782.1,22787.2,22771.75,22772.8,2364393
2025-02-21 15:00:00,22771.5,22797.1,22771.5,22791.6,4855211
2025-02-21 15:05:00,22790.4,22808.35,22790.4,22808.35,6263499
2025-02-21 15:10:00,22808.85,22812.7,22806.05,22810.75,5051111
2025-02-21 15:15:00,22810.2,22812.25,22788.25,22794.3,7138979
2025-02-21 15:20:00,22793.25,22797.15,22789.2,22791.7,5574029
2025-02-21 15:25:00,22792,22795.4,22763.2,22764.35,4879304
2025-02-24 09:15:00,22613.25,22668.05,22607.5,22645.8,12269810
2025-02-24 09:20:00,22645,22645,22613.6,22624.3,7608628
2025-02-24 09:25:00,22624.55,22645.25,22612.35,22622.05,5446324
2025-02-24 09:30:00,22621.4,22644.35,22619.85,22627.3,4448907
2025-02-24 09:35:00,22627.4,22628.7,22575.75,22586,4331799
2025-02-24 09:40:00,22586.25,22589.5,22563.2,22571.2,4536351
2025-02-24 09:45:00,22570.75,22596,22568.15,22590.35,3223475
2025-02-24 09:50:00,22591.5,22596.95,22580.1,22587.6,2876239
2025-02-24 09:55:00,22587.65,22596.7,22574.3,22581.65,2472725
2025-02-24 10:00:00,22582.55,22586.8,22566.3,22574.2,2908094
2025-02-24 10:05:00,22574.4,22576.75,22560.3,22576.45,2391075
2025-02-24 10:10:00,22576.6,22590.05,22568.8,22572.15,2326523
2025-02-24 10:15:00,22572.5,22578.65,22565,22572.5,1883584
2025-02-24 10:20:00,22571.9,22580.9,22549.05,22552.7,2821721
2025-02-24 10:25:00,22552,22569.85,22548.35,22568.05,2691567
2025-02-24 10:30:00,22567.35,22575.5,22562.95,22574.1,1805982
2025-02-24 10:35:00,22574.4,22574.7,22555.85,22558.9,2723441
2025-02-24 10:40:00,22558.55,22563.05,22553,22554.55,2916012
2025-02-24 10:45:00,22554.7,22579.05,22553.45,22576.95,2856473
2025-02-24 10:50:00,22577.4,22579.35,22568.55,22571.05,2328891
2025-02-24 10:55:00,22571,22574.6,22552,22553.8,2876883
2025-02-24 11:00:00,22555.35,22562.2,22550.1,22561.6,2333767
2025-02-24 11:05:00,22561.65,22577.25,22559.3,22575.4,2088378
2025-02-24 11:10:00,22575.2,22580.95,22568.55,22568.6,2628579
2025-02-24 11:15:00,22567.95,22584.6,22565.4,22579.8,1562430
2025-02-24 11:20:00,22579.45,22583.8,22576.7,22579.7,1962223
2025-02-24 11:25:00,22579.55,22580.6,22563.75,22574.25,1605829
2025-02-24 11:30:00,22574.3,22577.4,22568.65,22576.9,1619259
2025-02-24 11:35:00,22576.85,22580.8,22572.85,22579.95,1978019
2025-02-24 11:40:00,22579.65,22611.85,22579.1,22610.1,2628326
2025-02-24 11:45:00,22610.35,22620.05,22600.15,22614,2585710
2025-02-24 11:50:00,22614.65,22617.8,22605.55,22607.7,2397566
2025-02-24 11:55:00,22608.35,22613.4,22588.55,22590.05,2035046
2025-02-24 12:00:00,22589.5,22595.3,22573.15,22576.5,1982048
2025-02-24 12:05:00,22575.85,22576.85,22559.5,22566.55,2457519
2025-02-24 12:10:00,22567.5,22576.3,22559.35,22561.15,1831731
2025-02-24 12:15:00,22561.25,22571.8,22558.6,22571.35,1916503
2025-02-24 12:20:00,22571.05,22571.45,22562.25,22567.8,1605987
2025-02-24 12:25:00,22568.1,22571.85,22558.9,22562.6,2112355
2025-02-24 12:30:00,22561.95,22569.35,22553.6,22564.3,2382833
2025-02-24 12:35:00,22564.8,22583.9,22561.45,22582.85,2156278
2025-02-24 12:40:00,22583.15,22583.15,22562.9,22564.55,1938711
2025-02-24 12:45:00,22564.45,22578.35,22562.95,22566,1511372
2025-02-24 12:50:00,22566.1,22571.55,22562.15,22571.55,2054631
2025-02-24 12:55:00,22572.3,22587.45,22569.4,22577.1,1908508
2025-02-24 13:00:00,22576.95,22587.35,22571.1,22585.55,1783252
2025-02-24 13:05:00,22585.6,22591,22579.75,22585.35,1647737
2025-02-24 13:10:00,22585.4,22586.1,22570.9,22572.35,1619185
2025-02-24 13:15:00,22572.3,22576.65,22567.8,22573.8,1926312
2025-02-24 13:20:00,22575.95,22580.35,22551.6,22552.5,2096803
2025-02-24 13:25:00,22552.35,22562.15,22544.3,22560.5,2174042
2025-02-24 13:30:00,22560.2,22565.25,22555.3,22562.8,1816509
2025-02-24 13:35:00,22563.35,22564.15,22524.7,22535.5,3282846
2025-02-24 13:40:00,22535.45,22544.3,22532.15,22533.45,2486875
2025-02-24 13:45:00,22532.95,22534.9,22518.8,22530.9,2599453
2025-02-24 13:50:00,22530.8,22546.3,22530.6,22546.3,2081317
2025-02-24 13:55:00,22546.25,22547.55,22538.15,22546.2,1608609
2025-02-24 14:00:00,22546.05,22553.5,22540.9,22548.7,2091734
2025-02-24 14:05:00,22548.75,22549.45,22531.7,22534.55,1776800
2025-02-24 14:10:00,22533.55,22547.6,22533.55,22543.65,1930461
2025-02-24 14:15:00,22543.7,22559.85,22538.9,22558.5,2379898
2025-02-24 14:20:00,22559.55,22562.3,22541.75,22546,1808064
2025-02-24 14:25:00,22547.3,22552.65,22536.45,22541.85,1937583
2025-02-24 14:30:00,22541.9,22560.65,22540.95,22557.8,2687130
2025-02-24 14:35:00,22556.85,22576.25,22555.5,22566.15,3014840
2025-02-24 14:40:00,22565.05,22576.45,22561.7,22572.15,3293715
2025-02-24 14:45:00,22571.9,22590.15,22571.9,22575.4,2793143
2025-02-24 14:50:00,22575.15,22582.45,22566.85,22575.5,2402770
2025-02-24 14:55:00,22575.3,22575.3,22567.75,22572.15,2385517
2025-02-24 15:00:00,22571.5,22577.05,22545.3,22547.1,4634451
2025-02-24 15:05:00,22547.15,22560.8,22547.15,22560.15,4816629
2025-02-24 15:10:00,22561.95,22566.55,22551.5,22554.4,5010784
2025-02-24 15:15:00,22554.35,22563.05,22548.1,22548.8,7166018
2025-02-24 15:20:00,22549.05,22550.9,22544.15,22547.95,5959489
2025-02-24 15:25:00,22547.65,22555.65,22545.4,22549.75,4343554
2025-02-25 09:15:00,22533.45,22584.65,22529.8,22546.65,12516275
2025-02-25 09:20:00,22547.1,22564.95,22540.75,22560.05,6941133
2025-02-25 09:25:00,22560.35,22566.2,22532.15,22553.4,6894043
2025-02-25 09:30:00,22552.75,22584.95,22546.25,22582.1,6790911
2025-02-25 09:35:00,22584.25,22611.75,22579.75,22598.8,5039531
2025-02-25 09:40:00,22601.2,22608.9,22592.9,22603.7,3753637
2025-02-25 09:45:00,22603.85,22625.3,22591.6,22620.6,4131499
2025-02-25 09:50:00,22621.9,22622.1,22604.15,22610.1,3425471
2025-02-25 09:55:00,22609.75,22613.05,22594.95,22606.8,3262643
2025-02-25 10:00:00,22607.2,22608.4,22587.45,22594.85,2815949
2025-02-25 10:05:00,22594.55,22601.85,22583.7,22585.7,2771218
2025-02-25 10:10:00,22585.15,22603.55,22582.2,22597.8,3028265
2025-02-25 10:15:00,22597.5,22601.15,22569.5,22573.3,3240811
2025-02-25 10:20:00,22572.75,22579.5,22566.85,22572.85,3356923
2025-02-25 10:25:00,22572.7,22582.8,22565.35,22576,3028324
2025-02-25 10:30:00,22576.15,22584.05,22565,22576.05,4148425
2025-02-25 10:35:00,22578.7,22594,22574.95,22586.85,2854387
2025-02-25 10:40:00,22586.45,22588.9,22577.8,22582.9,2972907
2025-02-25 10:45:00,22582.8,22585.7,22561.5,22564.95,3542758
2025-02-25 10:50:00,22565.05,22569.2,22558.9,22565.3,2219793
2025-02-25 10:55:00,22565.5,22573.2,22559,22563.6,2322103
2025-02-25 11:00:00,22563.5,22564.5,22555.15,22561.3,2239222
2025-02-25 11:05:00,22561.55,22566.45,22558.5,22564.25,2146567
2025-02-25 11:10:00,22563.65,22569.25,22561.95,22566.6,1981070
2025-02-25 11:15:00,22566.45,22569.2,22561,22563.95,2089966
2025-02-25 11:20:00,22564.2,22566.5,22556.3,22558.95,2667524
2025-02-25 11:25:00,22560.1,22560.2,22550.65,22553,2406666
2025-02-25 11:30:00,22553.05,22555.3,22544.85,22553.1,2526281
2025-02-25 11:35:00,22552.85,22565.95,22552.2,22563.25,2474717
2025-02-25 11:40:00,22564.35,22569.7,22560.15,22567.7,2414462
2025-02-25 11:45:00,22568.45,22573.6,22557.35,22558.05,2047370
2025-02-25 11:50:00,22557.6,22561.65,22556.4,22557.25,1914595
2025-02-25 11:55:00,22557,22563.9,22555.8,22559.45,1621703
2025-02-25 12:00:00,22559.2,22561.2,22553,22557.95,2304588
2025-02-25 12:05:00,22557.65,22573.05,22557.2,22572.6,2087129
2025-02-25 12:10:00,22571.3,22581.15,22567.85,22572.65,2347909
2025-02-25 12:15:00,22572.4,22590.3,22572.15,22578,2563215
2025-02-25 12:20:00,22577.7,22580.35,22572.1,22576.2,1917729
2025-02-25 12:25:00,22576.15,22586.35,22572.3,22578.2,1511935
2025-02-25 12:30:00,22578.3,22578.3,22569.5,22572.5,1621266
2025-02-25 12:35:00,22572.1,22575.5,22566.75,22569,1460037
2025-02-25 12:40:00,22568.6,22571.75,22566.05,22567.35,1641423
2025-02-25 12:45:00,22567.65,22572.95,22567.3,22570.9,1723549
2025-02-25 12:50:00,22571.15,22574.2,22566.95,22569.35,1440866
2025-02-25 12:55:00,22570,22580.9,22568.55,22574.05,1565247
2025-02-25 13:00:00,22574,22578.9,22573.8,22576.4,1765391
2025-02-25 13:05:00,22576.35,22596.4,22573.85,22595.2,2021376
2025-02-25 13:10:00,22596.25,22600.4,22591.8,22593,2521831
2025-02-25 13:15:00,22592.75,22595.35,22581.45,22581.6,2329168
2025-02-25 13:20:00,22581.35,22584.55,22573.75,22579.05,2452052
2025-02-25 13:25:00,22577.95,22580,22571.25,22576.55,2076073
2025-02-25 13:30:00,22577.2,22587.7,22575.45,22582.55,1928426
2025-02-25 13:35:00,22584.5,22588.85,22578.35,22585.05,1860870
2025-02-25 13:40:00,22585.25,22590.9,22582.9,22586.15,2101944
2025-02-25 13:45:00,22587.15,22595.2,22584.05,22589.7,2057586
2025-02-25 13:50:00,22589.9,22595.9,22582.05,22582.7,2481681
2025-02-25 13:55:00,22582.45,22587.2,22577.5,22581.75,2652423
2025-02-25 14:00:00,22582.15,22591,22582.15,22583.65,2646539
2025-02-25 14:05:00,22584.5,22586.55,22578.35,22581.45,2071553
2025-02-25 14:10:00,22582.75,22584.8,22575.1,22581.85,2099417
2025-02-25 14:15:00,22582.05,22585.25,22575.8,22576.85,2279904
2025-02-25 14:20:00,22577.35,22582.55,22573.95,22577.75,2402196
2025-02-25 14:25:00,22578,22585.4,22576.7,22581.85,2500028
2025-02-25 14:30:00,22581.7,22585.6,22577.8,22579.5,2502043
2025-02-25 14:35:00,22580.05,22585.95,22577.55,22582.05,2846156
2025-02-25 14:40:00,22581.9,22583.95,22577.15,22580.3,2991922
2025-02-25 14:45:00,22580.65,22583.25,22575.45,22577.25,2794344
2025-02-25 14:50:00,22577.55,22580.9,22568,22573.4,2739615
2025-02-25 14:55:00,22572.9,22577.05,22568.2,22570.4,2975960
2025-02-25 15:00:00,22572.15,22573.3,22556.3,22558.25,6766031
2025-02-25 15:05:00,22557.85,22562.55,22546.25,22555.4,10238597
2025-02-25 15:10:00,22555.3,22566.75,22552.5,22553.35,8689205
2025-02-25 15:15:00,22552.4,22559.95,22540.4,22543.95,10147894
2025-02-25 15:20:00,22543.7,22545.05,22525.65,22529.9,11272147
2025-02-25 15:25:00,22530.05,22532.85,22513.9,22529.05,6662468
2025-02-27 09:15:00,22585.35,22613.3,22574.7,22579.45,15636204
2025-02-27 09:20:00,22579.4,22595.8,22564.5,22568.5,7591578
2025-02-27 09:25:00,22568.85,22570.15,22551.5,22555.75,6916120
2025-02-27 09:30:00,22554.8,22576.25,22550.6,22562.4,5854142
2025-02-27 09:35:00,22562.45,22575,22535.05,22541.5,4063185
2025-02-27 09:40:00,22542.5,22563.7,22541.05,22560.2,4502391
2025-02-27 09:45:00,22560.25,22570,22552.8,22554.4,3609272
2025-02-27 09:50:00,22554.55,22555.9,22535.9,22537.3,3790513
2025-02-27 09:55:00,22537.65,22548.65,22530,22538.4,3565501
2025-02-27 10:00:00,22537.95,22548.3,22536.6,22539,3368485
2025-02-27 10:05:00,22539.8,22552.45,22538.55,22548.95,3096998
2025-02-27 10:10:00,22548.9,22549.55,22535.75,22542.3,2714923
2025-02-27 10:15:00,22542.9,22549.75,22540.25,22540.25,3009496
2025-02-27 10:20:00,22540.6,22541.4,22526.95,22528.2,2630144
2025-02-27 10:25:00,22528.3,22539.45,22526.4,22535.85,2624080
2025-02-27 10:30:00,22535.6,22547.15,22533.2,22545.7,2232547
2025-02-27 10:35:00,22545.55,22551.05,22540.75,22550.55,2797719
2025-02-27 10:40:00,22550.85,22554.95,22547.5,22553.4,3162263
2025-02-27 10:45:00,22553.7,22555.35,22551.1,22553.55,2565715
2025-02-27 10:50:00,22553.75,22564.7,22553.4,22558.8,2957978
2025-02-27 10:55:00,22558.2,22562.1,22548.1,22549.9,2312295
2025-02-27 11:00:00,22549.35,22551.35,22543.25,22549.5,3355009
2025-02-27 11:05:00,22550,22550.5,22540.8,22543.3,2369301
2025-02-27 11:10:00,22543.05,22549.35,22542.1,22548.95,2299687
2025-02-27 11:15:00,22549.35,22557.25,22539.35,22541.25,2155678
2025-02-27 11:20:00,22540.95,22545.85,22538.9,22540.1,2923273
2025-02-27 11:25:00,22540.35,22542.55,22538.2,22539.85,2224856
2025-02-27 11:30:00,22540.3,22540.3,22532.65,22534.95,2016120
2025-02-27 11:35:00,22534.85,22535.9,22528.3,22530.45,2253580
2025-02-27 11:40:00,22530.75,22537.5,22530.1,22531.45,2066054
2025-02-27 11:45:00,22530.95,22532.45,22524.2,22530.95,2166989
2025-02-27 11:50:00,22530.85,22537.45,22528.9,22532.85,1956765
2025-02-27 11:55:00,22532.8,22534.15,22524.7,22525,1742134
2025-02-27 12:00:00,22524.55,22527,22519.6,22521.85,2346776
2025-02-27 12:05:00,22521.75,22525.2,22519.65,22523.1,2282727
2025-02-27 12:10:00,22523.7,22528.65,22521.7,22526.65,2516478
2025-02-27 12:15:00,22526.9,22529.1,22524.4,22527.25,2251542
2025-02-27 12:20:00,22528.1,22534.1,22525.55,22530,1946050
2025-02-27 12:25:00,22530.2,22531.2,22525.3,22526.75,2023698
2025-02-27 12:30:00,22527.6,22528.6,22520.8,22521.65,2047015
2025-02-27 12:35:00,22521.7,22523.1,22516.15,22521.9,2129983
2025-02-27 12:40:00,22521.75,22528.1,22520.75,22526.8,2898180
2025-02-27 12:45:00,22527.7,22533.65,22526.7,22529.05,2086082
2025-02-27 12:50:00,22529.25,22531.65,22526.1,22531.4,1951994
2025-02-27 12:55:00,22532.25,22535.6,22531.2,22534.3,2701183
2025-02-27 13:00:00,22535.2,22537.65,22530.95,22531.8,1871261
2025-02-27 13:05:00,22532.55,22534.85,22529.9,22530.3,2185056
2025-02-27 13:10:00,22532.5,22535.2,22527.1,22527.8,2075217
2025-02-27 13:15:00,22528.75,22536.25,22525.95,22533.1,2497979
2025-02-27 13:20:00,22534.8,22540.65,22530.85,22536.3,2707009
2025-02-27 13:25:00,22537.05,22537.5,22530.35,22536.6,3003998
2025-02-27 13:30:00,22536.25,22542.6,22531.3,22539.05,3577889
2025-02-27 13:35:00,22540,22541.95,22532.6,22536.5,2847230
2025-02-27 13:40:00,22538.45,22539.9,22531.05,22538.8,2382864
2025-02-27 13:45:00,22539.7,22544.75,22535.2,22541,2424259
2025-02-27 13:50:00,22542.25,22544.25,22532.15,22537.4,2201136
2025-02-27 13:55:00,22538.5,22544.1,22533.2,22541.45,3780133
2025-02-27 14:00:00,22542.05,22550.45,22537.75,22543.4,5583526
2025-02-27 14:05:00,22544.6,22545.9,22537.85,22541.7,3218448
2025-02-27 14:10:00,22542.45,22545.7,22537.15,22544.1,2894007
2025-02-27 14:15:00,22544.9,22550.15,22540.7,22549.05,3506199
2025-02-27 14:20:00,22549.55,22553.75,22545.8,22550.75,3190562
2025-02-27 14:25:00,22551.6,22552.15,22541.65,22550.2,3774706
2025-02-27 14:30:00,22551.25,22552.9,22547,22549.7,4276863
2025-02-27 14:35:00,22550.85,22550.85,22534.85,22544.8,4345914
2025-02-27 14:40:00,22545.95,22550.95,22541.8,22546.45,3658125
2025-02-27 14:45:00,22547.3,22551.85,22543.8,22550.9,3927202
2025-02-27 14:50:00,22551.8,22552.45,22544.8,22550.6,4596692
2025-02-27 14:55:00,22551.95,22556.9,22547.75,22549.25,4488485
2025-02-27 15:00:00,22549.2,22554.25,22545.2,22552.95,11960866
2025-02-27 15:05:00,22551.75,22556.1,22546.75,22553.6,9949564
2025-02-27 15:10:00,22553.45,22556.1,22539.05,22542.7,10609014
2025-02-27 15:15:00,22542.35,22548.8,22536.25,22541.05,11827928
2025-02-27 15:20:00,22540.15,22541.1,22532.65,22537.55,10091209
2025-02-27 15:25:00,22536.1,22538.15,22508.4,22510.85,9428186
2025-02-28 09:15:00,22426.75,22450.35,22313.95,22322.05,18497682
2025-02-28 09:20:00,22320.05,22356.6,22313.9,22319.75,11680978
2025-02-28 09:25:00,22320.15,22340,22308.2,22336.1,8569378
2025-02-28 09:30:00,22337.7,22339.8,22276.8,22279.65,8549025
2025-02-28 09:35:00,22279.35,22285.8,22249.1,22266.5,7976695
2025-02-28 09:40:00,22266.95,22287.65,22252.4,22261.7,6809280
2025-02-28 09:45:00,22261.15,22281.25,22255.4,22259.65,6875390
2025-02-28 09:50:00,22258.85,22282.3,22258.85,22272.6,4639497
2025-02-28 09:55:00,22272.8,22276.05,22233.6,22235.35,5667576
2025-02-28 10:00:00,22235.4,22247.45,22224.1,22238,5140678
2025-02-28 10:05:00,22237.3,22247.85,22234.05,22245.6,3844388
2025-02-28 10:10:00,22245.55,22262.9,22242.2,22262.15,3816135
2025-02-28 10:15:00,22261.8,22287.75,22258.55,22286.55,3832202
2025-02-28 10:20:00,22287.9,22293.5,22272.9,22291.05,3389325
2025-02-28 10:25:00,22290.55,22290.65,22265.6,22272.1,3600322
2025-02-28 10:30:00,22272.15,22288.65,22267.95,22271.25,4002563
2025-02-28 10:35:00,22270.5,22289.95,22270.5,22286.7,3430192
2025-02-28 10:40:00,22286.8,22300.5,22278.55,22288.65,3546390
2025-02-28 10:45:00,22288.25,22294.1,22263.15,22263.25,4248190
2025-02-28 10:50:00,22263.75,22266.85,22249.1,22250.95,3419444
2025-02-28 10:55:00,22251.1,22261.75,22242.45,22243.45,2955053
2025-02-28 11:00:00,22243.75,22258.9,22240.2,22253.85,3485359
2025-02-28 11:05:00,22254.55,22261.75,22251.6,22259.95,3273158
2025-02-28 11:10:00,22259.2,22263.7,22246.1,22246.25,3187874
2025-02-28 11:15:00,22246.4,22256.1,22244.95,22247.25,2847560
2025-02-28 11:20:00,22247.5,22251.3,22239.65,22243.65,5288750
2025-02-28 11:25:00,22243.2,22261.2,22240.35,22259.75,2998482
2025-02-28 11:30:00,22260,22280,22250.75,22253.35,5164041
2025-02-28 11:35:00,22253.55,22263.25,22250.25,22259.75,2978992
2025-02-28 11:40:00,22259,22264.35,22238.1,22240.4,9598447
2025-02-28 11:45:00,22240.9,22246.25,22226.3,22226.3,6022070
2025-02-28 11:50:00,22226.4,22235.75,22220.55,22230.95,2997439
2025-02-28 11:55:00,22231.1,22246,22230.8,22237.4,3107717
2025-02-28 12:00:00,22237.15,22240.8,22225.25,22226,2652523
2025-02-28 12:05:00,22226.6,22227.55,22217.5,22218.1,3376118
2025-02-28 12:10:00,22220.25,22226.1,22218.8,22222.55,3455001
2025-02-28 12:15:00,22221.75,22242,22221.75,22241.25,3026383
2025-02-28 12:20:00,22240.8,22252.45,22235,22241.85,3609090
2025-02-28 12:25:00,22241.4,22253.75,22240.95,22248.25,3789359
2025-02-28 12:30:00,22246.85,22249.3,22209.4,22212,4383951
2025-02-28 12:35:00,22210.5,22217.9,22175.15,22184.35,5364570
2025-02-28 12:40:00,22184.65,22185.9,22167.4,22169.1,4170086
2025-02-28 12:45:00,22169.25,22180.45,22167.3,22173.05,3206265
2025-02-28 12:50:00,22173,22174.25,22141.05,22143.35,3886258
2025-02-28 12:55:00,22142.05,22142.95,22108.3,22110.3,4861834
2025-02-28 13:00:00,22108.45,22138.65,22105.15,22135.45,4005593
2025-02-28 13:05:00,22134.6,22148.3,22126.5,22128.1,4607518
2025-02-28 13:10:00,22127.05,22145.35,22122.1,22127.85,3512519
2025-02-28 13:15:00,22127.75,22145,22122.25,22131.1,4246121
2025-02-28 13:20:00,22130.75,22136.6,22123.65,22130.3,3942916
2025-02-28 13:25:00,22128.8,22141.95,22121.2,22125.15,3773086
2025-02-28 13:30:00,22124.05,22130.15,22115.3,22118.7,5617915
2025-02-28 13:35:00,22118.2,22125.45,22111.55,22122.1,4053019
2025-02-28 13:40:00,22120.3,22128.1,22112.75,22123.45,5126986
2025-02-28 13:45:00,22122.05,22148.3,22116.15,22148.3,4336326
2025-02-28 13:50:00,22148.7,22163.8,22114.85,22119.3,4400028
2025-02-28 13:55:00,22118.5,22143.2,22117.9,22130.7,3912842
2025-02-28 14:00:00,22129.85,22135.2,22118.45,22123.45,4175583
2025-02-28 14:05:00,22122.8,22139.45,22122.8,22134.55,4278611
2025-02-28 14:10:00,22134.45,22138.8,22126.4,22138.5,4031192
2025-02-28 14:15:00,22138.15,22155.8,22124.1,22124.8,4625688
2025-02-28 14:20:00,22124.3,22142.65,22123.55,22137.7,4314343
2025-02-28 14:25:00,22137.4,22144.3,22135.1,22140.45,3796781
2025-02-28 14:30:00,22140.4,22141.6,22127.8,22134.15,4628664
2025-02-28 14:35:00,22133.3,22137.5,22125.1,22127.9,5130937
2025-02-28 14:40:00,22127.55,22173.3,22124.95,22173.3,5881199
2025-02-28 14:45:00,22172.3,22198.75,22157.3,22165.25,7733272
2025-02-28 14:50:00,22167.65,22179.65,22157.3,22172.85,6590216
2025-02-28 14:55:00,22170.15,22172.9,22153.9,22169.75,5517966
2025-02-28 15:00:00,22170.75,22176.55,22127.05,22137.6,43100969
2025-02-28 15:05:00,22137.25,22138.3,22127.55,22133.35,37261457
2025-02-28 15:10:00,22132.35,22137.6,22117.25,22124.65,36314485
2025-02-28 15:15:00,22124.85,22127.65,22117.6,22122.65,37660770
2025-02-28 15:20:00,22123.05,22124.35,22104.85,22110.45,36767892
2025-02-28 15:25:00,22110.05,22127.4,22106.1,22127.4,24695145